{"cameraMode":{"drawMode":0,"name":"Shaded","section":"Shading Mode"},"sceneLighting":false,"audioPlay":false,"sceneViewState":{"m_AlwaysRefresh":false,"showFog":false,"showSkybox":false,"showFlares":true,"showImageEffects":true,"showParticleSystems":true,"showVisualEffectGraphs":true,"m_FxEnabled":true},"in2DMode":false,"pivot":{"x":0.4461308717727661,"y":3.229133367538452,"z":8.656445503234864},"rotation":{"x":0.0005279431934468448,"y":0.9989792704582214,"z":-0.043793290853500369,"w":0.011974171735346318},"size":0.012874056585133076,"orthographic":false}