{"cameraMode":{"drawMode":0,"name":"Shaded","section":"Shading Mode"},"sceneLighting":false,"audioPlay":false,"sceneViewState":{"m_AlwaysRefresh":false,"showFog":false,"showSkybox":false,"showFlares":true,"showImageEffects":true,"showParticleSystems":true,"showVisualEffectGraphs":true,"m_FxEnabled":true},"in2DMode":false,"pivot":{"x":-0.044239580631256106,"y":0.12311168760061264,"z":-0.15117612481117249},"rotation":{"x":-0.004641897045075893,"y":0.9487205743789673,"z":-0.3157753646373749,"w":-0.013946291990578175},"size":0.18092742562294007,"orthographic":false}