{"cameraMode":{"drawMode":0,"name":"Shaded","section":"Shading Mode"},"sceneLighting":false,"audioPlay":false,"sceneViewState":{"m_AlwaysRefresh":false,"showFog":true,"showSkybox":false,"showFlares":true,"showImageEffects":true,"showParticleSystems":true,"showVisualEffectGraphs":true,"m_FxEnabled":true},"in2DMode":false,"pivot":{"x":-0.1459735631942749,"y":0.6301133632659912,"z":0.5577920079231262},"rotation":{"x":0.0735463798046112,"y":0.5552526116371155,"z":-0.049561258405447009,"w":0.8270232081413269},"size":1.0635772943496705,"orthographic":false}