{"cameraMode":{"drawMode":0,"name":"Shaded","section":"Shading Mode"},"sceneLighting":false,"audioPlay":false,"sceneViewState":{"m_AlwaysRefresh":false,"showFog":false,"showSkybox":false,"showFlares":true,"showImageEffects":true,"showParticleSystems":true,"showVisualEffectGraphs":true,"m_FxEnabled":true},"in2DMode":false,"pivot":{"x":0.28965792059898379,"y":4.227168083190918,"z":2.7068772315979006},"rotation":{"x":0.083321712911129,"y":0.8777107000350952,"z":-0.1654394567012787,"w":0.4419719874858856},"size":0.000017320508050033823,"orthographic":false}