{"cameraMode":{"drawMode":0,"name":"Shaded","section":"Shading Mode"},"sceneLighting":false,"audioPlay":false,"sceneViewState":{"m_AlwaysRefresh":false,"showFog":false,"showSkybox":false,"showFlares":true,"showImageEffects":true,"showParticleSystems":true,"showVisualEffectGraphs":true,"m_FxEnabled":true},"in2DMode":false,"pivot":{"x":-2.8430283069610597,"y":2.2112975120544435,"z":-0.7330271601676941},"rotation":{"x":0.22858014702796937,"y":0.5892648100852966,"z":-0.17860592901706696,"w":0.7540878653526306},"size":0.000017320508050033823,"orthographic":false}