{"cameraMode":{"drawMode":0,"name":"Shaded","section":"Shading Mode"},"sceneLighting":false,"audioPlay":false,"sceneViewState":{"m_AlwaysRefresh":false,"showFog":true,"showSkybox":false,"showFlares":true,"showImageEffects":true,"showParticleSystems":true,"showVisualEffectGraphs":true,"m_FxEnabled":true},"in2DMode":false,"pivot":{"x":0.828783392906189,"y":1.3335418701171876,"z":0.8377652168273926},"rotation":{"x":-0.01702612079679966,"y":-0.9772531390190125,"z":0.08491513878107071,"w":-0.19457626342773438},"size":1.8763827085494996,"orthographic":false}