{"cameraMode":{"drawMode":0,"name":"Shaded","section":"Shading Mode"},"sceneLighting":false,"audioPlay":false,"sceneViewState":{"m_AlwaysRefresh":false,"showFog":false,"showSkybox":false,"showFlares":true,"showImageEffects":true,"showParticleSystems":true,"showVisualEffectGraphs":true,"m_FxEnabled":true},"in2DMode":false,"pivot":{"x":-0.046665191650390628,"y":2.699511766433716,"z":0.018593907356262208},"rotation":{"x":0.32094043493270876,"y":0.47927209734916689,"z":-0.1938205361366272,"w":0.7935737371444702},"size":3.2624168395996095,"orthographic":false}