{"cameraMode":{"drawMode":0,"name":"Shaded","section":"Shading Mode"},"sceneLighting":false,"audioPlay":false,"sceneViewState":{"m_AlwaysRefresh":false,"showFog":false,"showSkybox":false,"showFlares":true,"showImageEffects":true,"showParticleSystems":true,"showVisualEffectGraphs":true,"m_FxEnabled":true},"in2DMode":false,"pivot":{"x":0.09732551872730255,"y":0.9147933125495911,"z":0.4190598130226135},"rotation":{"x":-0.15195541083812715,"y":-0.5315805673599243,"z":0.09748867154121399,"w":-0.8277156352996826},"size":1.0627374649047852,"orthographic":false}