{"cameraMode":{"drawMode":0,"name":"Shaded","section":"Shading Mode"},"sceneLighting":false,"audioPlay":false,"sceneViewState":{"m_AlwaysRefresh":false,"showFog":false,"showSkybox":false,"showFlares":true,"showImageEffects":true,"showParticleSystems":true,"showVisualEffectGraphs":true,"m_FxEnabled":true},"in2DMode":false,"pivot":{"x":0.29637566208839419,"y":1.121488332748413,"z":-0.344561368227005},"rotation":{"x":-0.12764836847782136,"y":-0.19446857273578645,"z":0.02543151192367077,"w":-0.9723822474479675},"size":1.0627374649047852,"orthographic":false}