{"cameraMode":{"drawMode":0,"name":"Shaded","section":"Shading Mode"},"sceneLighting":false,"audioPlay":false,"sceneViewState":{"m_AlwaysRefresh":false,"showFog":false,"showSkybox":false,"showFlares":true,"showImageEffects":true,"showParticleSystems":true,"showVisualEffectGraphs":true,"m_FxEnabled":true},"in2DMode":false,"pivot":{"x":0.9638363122940064,"y":0.19893164932727815,"z":-1.3076375722885132},"rotation":{"x":-0.004184154327958822,"y":0.9858111143112183,"z":-0.16598506271839143,"w":-0.02484685555100441},"size":3.0707690715789797,"orthographic":false}