{"cameraMode":{"drawMode":0,"name":"Shaded","section":"Shading Mode"},"sceneLighting":false,"audioPlay":false,"sceneViewState":{"m_AlwaysRefresh":false,"showFog":false,"showSkybox":false,"showFlares":true,"showImageEffects":true,"showParticleSystems":true,"showVisualEffectGraphs":true,"m_FxEnabled":true},"in2DMode":false,"pivot":{"x":-0.9603176116943359,"y":5.278709888458252,"z":-3.5964393615722658},"rotation":{"x":-0.2918543517589569,"y":0.013260330073535443,"z":-0.004771552048623562,"w":-0.9567217826843262},"size":47.73847198486328,"orthographic":false}