{"cameraMode":{"drawMode":0,"name":"Shaded","section":"Shading Mode"},"sceneLighting":false,"audioPlay":false,"sceneViewState":{"m_AlwaysRefresh":false,"showFog":false,"showSkybox":false,"showFlares":true,"showImageEffects":true,"showParticleSystems":true,"showVisualEffectGraphs":true,"m_FxEnabled":true},"in2DMode":false,"pivot":{"x":0.007293879985809326,"y":1.7306596040725709,"z":-0.6000415086746216},"rotation":{"x":0.43231889605522158,"y":-0.5666124224662781,"z":0.47225502133369448,"w":0.5187181830406189},"size":0.8612304925918579,"orthographic":false}