{"cameraMode":{"drawMode":0,"name":"Shaded","section":"Shading Mode"},"sceneLighting":true,"audioPlay":false,"sceneViewState":{"m_AlwaysRefresh":false,"showFog":false,"showSkybox":true,"showFlares":true,"showImageEffects":true,"showParticleSystems":true,"showVisualEffectGraphs":true,"m_FxEnabled":true},"in2DMode":false,"pivot":{"x":15.798378944396973,"y":-5.909849643707275,"z":341.0602722167969},"rotation":{"x":0.00046957453014329076,"y":1.000390887260437,"z":-0.006322464905679226,"w":-0.008702022023499012},"size":13.869800567626954,"orthographic":false}