{"cameraMode":{"drawMode":0,"name":"Shaded","section":"Shading Mode"},"sceneLighting":true,"audioPlay":false,"sceneViewState":{"m_AlwaysRefresh":false,"showFog":true,"showSkybox":true,"showFlares":true,"showImageEffects":true,"showParticleSystems":true,"showVisualEffectGraphs":true,"m_FxEnabled":true},"in2DMode":false,"pivot":{"x":1294.5771484375,"y":706.3833618164063,"z":-1.5725866556167603},"rotation":{"x":0.029977647587656976,"y":-0.03447766229510307,"z":0.0010346285998821259,"w":0.9989555478096008},"size":537.145263671875,"orthographic":true}