{"cameraMode":{"drawMode":0,"name":"Shaded","section":"Shading Mode"},"sceneLighting":true,"audioPlay":false,"sceneViewState":{"m_AlwaysRefresh":false,"showFog":true,"showSkybox":true,"showFlares":true,"showImageEffects":true,"showParticleSystems":true,"showVisualEffectGraphs":true,"m_FxEnabled":true},"in2DMode":false,"pivot":{"x":25.33460235595703,"y":-0.5919947028160095,"z":20.47242546081543},"rotation":{"x":0.013804380781948567,"y":-0.9843780398368836,"z":0.08942043781280518,"w":0.1514575034379959},"size":0.8660253882408142,"orthographic":false}