{"cameraMode":{"drawMode":0,"name":"Shaded","section":"Shading Mode"},"sceneLighting":true,"audioPlay":false,"sceneViewState":{"m_AlwaysRefresh":false,"showFog":false,"showSkybox":true,"showFlares":true,"showImageEffects":true,"showParticleSystems":true,"showVisualEffectGraphs":true,"m_FxEnabled":true},"in2DMode":false,"pivot":{"x":9.518516540527344,"y":-6.698785781860352,"z":242.18841552734376},"rotation":{"x":-0.03408253192901611,"y":0.9629231691360474,"z":-0.14710937440395356,"w":-0.22573472559452058},"size":1.0024489164352418,"orthographic":false}