{"cameraMode":{"drawMode":0,"name":"Shaded","section":"Shading Mode"},"sceneLighting":true,"audioPlay":false,"sceneViewState":{"m_AlwaysRefresh":false,"showFog":true,"showSkybox":true,"showFlares":true,"showImageEffects":true,"showParticleSystems":true,"showVisualEffectGraphs":true,"m_FxEnabled":true},"in2DMode":false,"pivot":{"x":25.96104621887207,"y":7.178169250488281,"z":-3.5620408058166506},"rotation":{"x":-0.09639574587345123,"y":0.38623538613319399,"z":-0.04042919725179672,"w":-0.9167284965515137},"size":0.0031142537482082845,"orthographic":false}