{"cameraMode":{"drawMode":0,"name":"Shaded","section":"Shading Mode"},"sceneLighting":true,"audioPlay":false,"sceneViewState":{"m_AlwaysRefresh":false,"showFog":true,"showSkybox":true,"showFlares":true,"showImageEffects":true,"showParticleSystems":true,"showVisualEffectGraphs":true,"m_FxEnabled":true},"in2DMode":false,"pivot":{"x":1.4087958335876465,"y":1.3845726251602173,"z":0.48886924982070925},"rotation":{"x":0.10302203893661499,"y":0.7393708825111389,"z":-0.11631106585264206,"w":0.6552053689956665},"size":2.7773187160491945,"orthographic":false}