{"cameraMode":{"drawMode":0,"name":"Shaded","section":"Shading Mode"},"sceneLighting":true,"audioPlay":false,"sceneViewState":{"m_AlwaysRefresh":false,"showFog":false,"showSkybox":true,"showFlares":true,"showImageEffects":true,"showParticleSystems":true,"showVisualEffectGraphs":true,"m_FxEnabled":true},"in2DMode":false,"pivot":{"x":-1.2608189582824708,"y":4.405086517333984,"z":6.885289192199707},"rotation":{"x":-0.003611435415223241,"y":0.9863104820251465,"z":-0.16424958407878877,"w":-0.023096606135368348},"size":0.9588569402694702,"orthographic":false}