{"cameraMode":{"drawMode":0,"name":"Shaded","section":"Shading Mode"},"sceneLighting":true,"audioPlay":false,"sceneViewState":{"m_AlwaysRefresh":false,"showFog":true,"showSkybox":true,"showFlares":true,"showImageEffects":true,"showParticleSystems":true,"showVisualEffectGraphs":true,"m_FxEnabled":true},"in2DMode":false,"pivot":{"x":2.050987720489502,"y":3.7223575115203859,"z":-10.562556266784668},"rotation":{"x":-0.12603548169136048,"y":0.11344213038682938,"z":-0.014504702761769295,"w":-0.9855112433433533},"size":0.8660253882408142,"orthographic":false}