{"cameraMode":{"drawMode":0,"name":"Shaded","section":"Shading Mode"},"sceneLighting":true,"audioPlay":false,"sceneViewState":{"m_AlwaysRefresh":false,"showFog":false,"showSkybox":true,"showFlares":true,"showImageEffects":true,"showParticleSystems":true,"showVisualEffectGraphs":true,"m_FxEnabled":true},"in2DMode":false,"pivot":{"x":-12.263877868652344,"y":29.165151596069337,"z":-16.802736282348634},"rotation":{"x":-0.14445661008358003,"y":-0.8459786176681519,"z":0.28716033697128298,"w":-0.42707791924476626},"size":0.8660253882408142,"orthographic":false}