{"cameraMode":{"drawMode":0,"name":"Shaded","section":"Shading Mode"},"sceneLighting":true,"audioPlay":false,"sceneViewState":{"m_AlwaysRefresh":false,"showFog":false,"showSkybox":true,"showFlares":true,"showImageEffects":true,"showParticleSystems":true,"showVisualEffectGraphs":true,"m_FxEnabled":true},"in2DMode":false,"pivot":{"x":0.3528396189212799,"y":1.2812354564666749,"z":0.2933180332183838},"rotation":{"x":-0.07541961222887039,"y":0.7608450055122376,"z":-0.08989188075065613,"w":-0.6383848190307617},"size":1.4826973676681519,"orthographic":false}