{"cameraMode":{"drawMode":0,"name":"Shaded","section":"Shading Mode"},"sceneLighting":true,"audioPlay":false,"sceneViewState":{"m_AlwaysRefresh":false,"showFog":true,"showSkybox":true,"showFlares":true,"showImageEffects":true,"showParticleSystems":true,"showVisualEffectGraphs":true,"m_FxEnabled":true},"in2DMode":false,"pivot":{"x":1.1578052043914796,"y":1.4674564599990845,"z":-0.015010102652013302},"rotation":{"x":0.057150449603796008,"y":0.9155510067939758,"z":-0.14097435772418977,"w":0.3725641965866089},"size":1.0635782480239869,"orthographic":false}