{"cameraMode":{"drawMode":0,"name":"Shaded","section":"Shading Mode"},"sceneLighting":true,"audioPlay":false,"sceneViewState":{"m_AlwaysRefresh":false,"showFog":false,"showSkybox":true,"showFlares":true,"showImageEffects":true,"showParticleSystems":true,"showVisualEffectGraphs":true,"m_FxEnabled":true},"in2DMode":false,"pivot":{"x":-17.655338287353517,"y":45.322689056396487,"z":48.750797271728519},"rotation":{"x":-0.41391122341156008,"y":-0.20197612047195435,"z":0.09398893266916275,"w":-0.8834419250488281},"size":0.00021141531760804355,"orthographic":false}