{"cameraMode":{"drawMode":0,"name":"Shaded","section":"Shading Mode"},"sceneLighting":true,"audioPlay":false,"sceneViewState":{"m_AlwaysRefresh":false,"showFog":false,"showSkybox":true,"showFlares":true,"showImageEffects":true,"showParticleSystems":true,"showVisualEffectGraphs":true,"m_FxEnabled":true},"in2DMode":false,"pivot":{"x":-3.817039966583252,"y":3.2584543228149416,"z":185.34393310546876},"rotation":{"x":-0.17534010112285615,"y":-0.09168112277984619,"z":0.01635352522134781,"w":-0.9801873564720154},"size":2.207545757293701,"orthographic":false}