{"cameraMode":{"drawMode":0,"name":"Shaded","section":"Shading Mode"},"sceneLighting":true,"audioPlay":false,"sceneViewState":{"m_AlwaysRefresh":false,"showFog":false,"showSkybox":true,"showFlares":true,"showImageEffects":true,"showParticleSystems":true,"showVisualEffectGraphs":true,"m_FxEnabled":true},"in2DMode":false,"pivot":{"x":-4.602474689483643,"y":2.383716106414795,"z":4.1302924156188969},"rotation":{"x":-0.0019964894745498897,"y":0.9981461763381958,"z":-0.04795536398887634,"w":-0.041014473885297778},"size":1.0635782480239869,"orthographic":false}