{"cameraMode":{"drawMode":0,"name":"Shaded","section":"Shading Mode"},"sceneLighting":false,"audioPlay":false,"sceneViewState":{"m_AlwaysRefresh":false,"showFog":true,"showSkybox":false,"showFlares":true,"showImageEffects":true,"showParticleSystems":true,"showVisualEffectGraphs":true,"m_FxEnabled":true},"in2DMode":false,"pivot":{"x":-0.2945789694786072,"y":-0.08331530541181565,"z":0.5102999210357666},"rotation":{"x":0.1692594736814499,"y":-0.024892110377550126,"z":0.004076643381267786,"w":0.9854346513748169},"size":1.4539827108383179,"orthographic":false}