{"cameraMode":{"drawMode":0,"name":"Shaded","section":"Shading Mode"},"sceneLighting":false,"audioPlay":false,"sceneViewState":{"m_AlwaysRefresh":false,"showFog":false,"showSkybox":false,"showFlares":true,"showImageEffects":true,"showParticleSystems":true,"showVisualEffectGraphs":true,"m_FxEnabled":true},"in2DMode":false,"pivot":{"x":0.6961904168128967,"y":0.6979371309280396,"z":-0.7112284302711487},"rotation":{"x":-0.06117529049515724,"y":-0.23811396956443788,"z":0.014949522912502289,"w":-0.9693329930305481},"size":1.055619478225708,"orthographic":false}