{"cameraMode":{"drawMode":0,"name":"Shaded","section":"Shading Mode"},"sceneLighting":false,"audioPlay":false,"sceneViewState":{"m_AlwaysRefresh":false,"showFog":false,"showSkybox":false,"showFlares":true,"showImageEffects":true,"showParticleSystems":true,"showVisualEffectGraphs":true,"m_FxEnabled":true},"in2DMode":false,"pivot":{"x":-3.7117598056793215,"y":2.322396993637085,"z":-0.8891881108283997},"rotation":{"x":0.21194541454315186,"y":0.5962937474250794,"z":-0.16714788973331452,"w":0.7560456991195679},"size":0.000017320508050033823,"orthographic":false}