{"cameraMode":{"drawMode":0,"name":"Shaded","section":"Shading Mode"},"sceneLighting":false,"audioPlay":false,"sceneViewState":{"m_AlwaysRefresh":false,"showFog":false,"showSkybox":false,"showFlares":true,"showImageEffects":true,"showParticleSystems":true,"showVisualEffectGraphs":true,"m_FxEnabled":true},"in2DMode":false,"pivot":{"x":0.08508310467004776,"y":1.1903361082077027,"z":-0.053780123591423038},"rotation":{"x":0.18347038328647614,"y":0.017413321882486345,"z":-0.0030229578260332348,"w":0.9830358028411865},"size":1.0627374649047852,"orthographic":false}