{"cameraMode":{"drawMode":0,"name":"Shaded","section":"Shading Mode"},"sceneLighting":false,"audioPlay":false,"sceneViewState":{"m_AlwaysRefresh":false,"showFog":false,"showSkybox":false,"showFlares":true,"showImageEffects":true,"showParticleSystems":true,"showVisualEffectGraphs":true,"m_FxEnabled":true},"in2DMode":false,"pivot":{"x":-0.057698607444763187,"y":1.0125259160995484,"z":0.03154563903808594},"rotation":{"x":0.32094043493270876,"y":0.47927209734916689,"z":-0.1938205361366272,"w":0.7935737371444702},"size":1.443361759185791,"orthographic":false}