{"cameraMode":{"drawMode":0,"name":"Shaded","section":"Shading Mode"},"sceneLighting":false,"audioPlay":false,"sceneViewState":{"m_AlwaysRefresh":false,"showFog":false,"showSkybox":false,"showFlares":true,"showImageEffects":true,"showParticleSystems":true,"showVisualEffectGraphs":true,"m_FxEnabled":true},"in2DMode":false,"pivot":{"x":-2.7385153770446779,"y":4.294389247894287,"z":-1.2092623710632325},"rotation":{"x":0.2239593118429184,"y":0.586042582988739,"z":-0.1728406548500061,"w":0.7593109011650086},"size":0.000017320508050033823,"orthographic":false}