{"cameraMode":{"drawMode":0,"name":"Shaded","section":"Shading Mode"},"sceneLighting":false,"audioPlay":false,"sceneViewState":{"m_AlwaysRefresh":false,"showFog":false,"showSkybox":false,"showFlares":true,"showImageEffects":true,"showParticleSystems":true,"showVisualEffectGraphs":true,"m_FxEnabled":true},"in2DMode":false,"pivot":{"x":0.9040994048118591,"y":0.9993791580200195,"z":0.6577218770980835},"rotation":{"x":-0.11130206286907196,"y":0.8638964295387268,"z":-0.21857790648937226,"w":-0.43993422389030459},"size":0.000017320508050033823,"orthographic":false}